twin_id,contact_twin_id,contact_name,contact_address
twin-0001,twin-0002,Felix Vogel,felix.vogel@northwind-capital.com
twin-0001,twin-0003,Iris Sundqvist,iris.sundqvist@northwind-capital.com
twin-0001,twin-0004,Anna Novak,anna.novak@northwind-capital.com
twin-0001,twin-0005,Felix Marchetti,felix.marchetti@northwind-capital.com
twin-0001,twin-0006,Marek Berger,marek.berger@northwind-capital.com
twin-0001,twin-0007,Greta Lindholm,greta.lindholm@northwind-capital.com
twin-0001,twin-0008,Oskar Vogel,oskar.vogel@northwind-capital.com
twin-0001,twin-0009,Marta Keller,marta.keller@meridian-health.org
twin-0001,twin-0144,Tomas Haas,tomas.haas@beacon-telecom.net
twin-0002,twin-0001,Oskar Moreau,oskar.moreau@northwind-capital.com
twin-0002,twin-0003,Iris Sundqvist,iris.sundqvist@northwind-capital.com
twin-0002,twin-0004,Anna Novak,anna.novak@northwind-capital.com
twin-0002,twin-0005,Felix Marchetti,felix.marchetti@northwind-capital.com
twin-0002,twin-0006,Marek Berger,marek.berger@northwind-capital.com
twin-0002,twin-0007,Greta Lindholm,greta.lindholm@northwind-capital.com
twin-0002,twin-0008,Oskar Vogel,oskar.vogel@northwind-capital.com
twin-0003,twin-0001,Oskar Moreau,oskar.moreau@northwind-capital.com
twin-0003,twin-0002,Felix Vogel,felix.vogel@northwind-capital.com
twin-0003,twin-0004,Anna Novak,anna.novak@northwind-capital.com
twin-0003,twin-0005,Felix Marchetti,felix.marchetti@northwind-capital.com
twin-0003,twin-0006,Marek Berger,marek.berger@northwind-capital.com
twin-0003,twin-0007,Greta Lindholm,greta.lindholm@northwind-capital.com
twin-0003,twin-0008,Oskar Vogel,oskar.vogel@northwind-capital.com
twin-0004,twin-0001,Oskar Moreau,oskar.moreau@northwind-capital.com
twin-0004,twin-0002,Felix Vogel,felix.vogel@northwind-capital.com
twin-0004,twin-0003,Iris Sundqvist,iris.sundqvist@northwind-capital.com
twin-0004,twin-0005,Felix Marchetti,felix.marchetti@northwind-capital.com
twin-0004,twin-0006,Marek Berger,marek.berger@northwind-capital.com
twin-0004,twin-0007,Greta Lindholm,greta.lindholm@northwind-capital.com
twin-0004,twin-0008,Oskar Vogel,oskar.vogel@northwind-capital.com
twin-0004,twin-0012,Pawel Lindholm,pawel.lindholm@meridian-health.org
twin-0004,twin-0147,Iris Janssen,iris.janssen@beacon-telecom.net
twin-0005,twin-0001,Oskar Moreau,oskar.moreau@northwind-capital.com
twin-0005,twin-0002,Felix Vogel,felix.vogel@northwind-capital.com
twin-0005,twin-0003,Iris Sundqvist,iris.sundqvist@northwind-capital.com
twin-0005,twin-0004,Anna Novak,anna.novak@northwind-capital.com
twin-0005,twin-0006,Marek Berger,marek.berger@northwind-capital.com
twin-0005,twin-0007,Greta Lindholm,greta.lindholm@northwind-capital.com
twin-0005,twin-0008,Oskar Vogel,oskar.vogel@northwind-capital.com
twin-0006,twin-0001,Oskar Moreau,oskar.moreau@northwind-capital.com
twin-0006,twin-0002,Felix Vogel,felix.vogel@northwind-capital.com
twin-0006,twin-0003,Iris Sundqvist,iris.sundqvist@northwind-capital.com
twin-0006,twin-0004,Anna Novak,anna.novak@northwind-capital.com
twin-0006,twin-0005,Felix Marchetti,felix.marchetti@northwind-capital.com
twin-0006,twin-0007,Greta Lindholm,greta.lindholm@northwind-capital.com
twin-0006,twin-0008,Oskar Vogel,oskar.vogel@northwind-capital.com
twin-0007,twin-0001,Oskar Moreau,oskar.moreau@northwind-capital.com
twin-0007,twin-0002,Felix Vogel,felix.vogel@northwind-capital.com
twin-0007,twin-0003,Iris Sundqvist,iris.sundqvist@northwind-capital.com
twin-0007,twin-0004,Anna Novak,anna.novak@northwind-capital.com
twin-0007,twin-0005,Felix Marchetti,felix.marchetti@northwind-capital.com
twin-0007,twin-0006,Marek Berger,marek.berger@northwind-capital.com
twin-0007,twin-0008,Oskar Vogel,oskar.vogel@northwind-capital.com
twin-0008,twin-0001,Oskar Moreau,oskar.moreau@northwind-capital.com
twin-0008,twin-0002,Felix Vogel,felix.vogel@northwind-capital.com
twin-0008,twin-0003,Iris Sundqvist,iris.sundqvist@northwind-capital.com
twin-0008,twin-0004,Anna Novak,anna.novak@northwind-capital.com
twin-0008,twin-0005,Felix Marchetti,felix.marchetti@northwind-capital.com
twin-0008,twin-0006,Marek Berger,marek.berger@northwind-capital.com
twin-0008,twin-0007,Greta Lindholm,greta.lindholm@northwind-capital.com
twin-0009,twin-0010,Iris Janssen,iris.janssen@meridian-health.org
twin-0009,twin-0011,Marta Reuter,marta.reuter@meridian-health.org
twin-0009,twin-0012,Pawel Lindholm,pawel.lindholm@meridian-health.org
twin-0009,twin-0013,Pawel Falk,pawel.falk@meridian-health.org
twin-0009,twin-0014,Lena Vogel,lena.vogel@meridian-health.org
twin-0009,twin-0015,Pawel Dvorak,pawel.dvorak@meridian-health.org
twin-0009,twin-0016,Mira Moreau,mira.moreau@meridian-health.org
twin-0009,twin-0001,Oskar Moreau,oskar.moreau@northwind-capital.com
twin-0009,twin-0017,Mira Berger,mira.berger@cobaltsystems.io
twin-0010,twin-0009,Marta Keller,marta.keller@meridian-health.org
twin-0010,twin-0011,Marta Reuter,marta.reuter@meridian-health.org
twin-0010,twin-0012,Pawel Lindholm,pawel.lindholm@meridian-health.org
twin-0010,twin-0013,Pawel Falk,pawel.falk@meridian-health.org
twin-0010,twin-0014,Lena Vogel,lena.vogel@meridian-health.org
twin-0010,twin-0015,Pawel Dvorak,pawel.dvorak@meridian-health.org
twin-0010,twin-0016,Mira Moreau,mira.moreau@meridian-health.org
twin-0011,twin-0009,Marta Keller,marta.keller@meridian-health.org
twin-0011,twin-0010,Iris Janssen,iris.janssen@meridian-health.org
twin-0011,twin-0012,Pawel Lindholm,pawel.lindholm@meridian-health.org
twin-0011,twin-0013,Pawel Falk,pawel.falk@meridian-health.org
twin-0011,twin-0014,Lena Vogel,lena.vogel@meridian-health.org
twin-0011,twin-0015,Pawel Dvorak,pawel.dvorak@meridian-health.org
twin-0011,twin-0016,Mira Moreau,mira.moreau@meridian-health.org
twin-0012,twin-0009,Marta Keller,marta.keller@meridian-health.org
twin-0012,twin-0010,Iris Janssen,iris.janssen@meridian-health.org
twin-0012,twin-0011,Marta Reuter,marta.reuter@meridian-health.org
twin-0012,twin-0013,Pawel Falk,pawel.falk@meridian-health.org
twin-0012,twin-0014,Lena Vogel,lena.vogel@meridian-health.org
twin-0012,twin-0015,Pawel Dvorak,pawel.dvorak@meridian-health.org
twin-0012,twin-0016,Mira Moreau,mira.moreau@meridian-health.org
twin-0012,twin-0004,Anna Novak,anna.novak@northwind-capital.com
twin-0012,twin-0020,Sophie Lindholm,sophie.lindholm@cobaltsystems.io
twin-0013,twin-0009,Marta Keller,marta.keller@meridian-health.org
twin-0013,twin-0010,Iris Janssen,iris.janssen@meridian-health.org
twin-0013,twin-0011,Marta Reuter,marta.reuter@meridian-health.org
twin-0013,twin-0012,Pawel Lindholm,pawel.lindholm@meridian-health.org
twin-0013,twin-0014,Lena Vogel,lena.vogel@meridian-health.org
twin-0013,twin-0015,Pawel Dvorak,pawel.dvorak@meridian-health.org
twin-0013,twin-0016,Mira Moreau,mira.moreau@meridian-health.org
twin-0014,twin-0009,Marta Keller,marta.keller@meridian-health.org
twin-0014,twin-0010,Iris Janssen,iris.janssen@meridian-health.org
twin-0014,twin-0011,Marta Reuter,marta.reuter@meridian-health.org
twin-0014,twin-0012,Pawel Lindholm,pawel.lindholm@meridian-health.org
twin-0014,twin-0013,Pawel Falk,pawel.falk@meridian-health.org
twin-0014,twin-0015,Pawel Dvorak,pawel.dvorak@meridian-health.org
twin-0014,twin-0016,Mira Moreau,mira.moreau@meridian-health.org
twin-0015,twin-0009,Marta Keller,marta.keller@meridian-health.org
twin-0015,twin-0010,Iris Janssen,iris.janssen@meridian-health.org
twin-0015,twin-0011,Marta Reuter,marta.reuter@meridian-health.org
twin-0015,twin-0012,Pawel Lindholm,pawel.lindholm@meridian-health.org
twin-0015,twin-0013,Pawel Falk,pawel.falk@meridian-health.org
twin-0015,twin-0014,Lena Vogel,lena.vogel@meridian-health.org
twin-0015,twin-0016,Mira Moreau,mira.moreau@meridian-health.org
twin-0016,twin-0009,Marta Keller,marta.keller@meridian-health.org
twin-0016,twin-0010,Iris Janssen,iris.janssen@meridian-health.org
twin-0016,twin-0011,Marta Reuter,marta.reuter@meridian-health.org
twin-0016,twin-0012,Pawel Lindholm,pawel.lindholm@meridian-health.org
twin-0016,twin-0013,Pawel Falk,pawel.falk@meridian-health.org
twin-0016,twin-0014,Lena Vogel,lena.vogel@meridian-health.org
twin-0016,twin-0015,Pawel Dvorak,pawel.dvorak@meridian-health.org
twin-0017,twin-0018,Marek Schmidt,marek.schmidt@cobaltsystems.io
twin-0017,twin-0019,Tomas Lindholm,tomas.lindholm@cobaltsystems.io
twin-0017,twin-0020,Sophie Lindholm,sophie.lindholm@cobaltsystems.io
twin-0017,twin-0021,Lena Brandt,lena.brandt@cobaltsystems.io
twin-0017,twin-0022,Bartek Janssen,bartek.janssen@cobaltsystems.io
twin-0017,twin-0023,Iris Novak,iris.novak@cobaltsystems.io
twin-0017,twin-0024,Stefan Lindholm,stefan.lindholm@cobaltsystems.io
twin-0017,twin-0009,Marta Keller,marta.keller@meridian-health.org
twin-0017,twin-0025,Eva Berger,eva.berger@lexharbor.com
twin-0018,twin-0017,Mira Berger,mira.berger@cobaltsystems.io
twin-0018,twin-0019,Tomas Lindholm,tomas.lindholm@cobaltsystems.io
twin-0018,twin-0020,Sophie Lindholm,sophie.lindholm@cobaltsystems.io
twin-0018,twin-0021,Lena Brandt,lena.brandt@cobaltsystems.io
twin-0018,twin-0022,Bartek Janssen,bartek.janssen@cobaltsystems.io
twin-0018,twin-0023,Iris Novak,iris.novak@cobaltsystems.io
twin-0018,twin-0024,Stefan Lindholm,stefan.lindholm@cobaltsystems.io
twin-0019,twin-0017,Mira Berger,mira.berger@cobaltsystems.io
twin-0019,twin-0018,Marek Schmidt,marek.schmidt@cobaltsystems.io
twin-0019,twin-0020,Sophie Lindholm,sophie.lindholm@cobaltsystems.io
twin-0019,twin-0021,Lena Brandt,lena.brandt@cobaltsystems.io
twin-0019,twin-0022,Bartek Janssen,bartek.janssen@cobaltsystems.io
twin-0019,twin-0023,Iris Novak,iris.novak@cobaltsystems.io
twin-0019,twin-0024,Stefan Lindholm,stefan.lindholm@cobaltsystems.io
twin-0020,twin-0017,Mira Berger,mira.berger@cobaltsystems.io
twin-0020,twin-0018,Marek Schmidt,marek.schmidt@cobaltsystems.io
twin-0020,twin-0019,Tomas Lindholm,tomas.lindholm@cobaltsystems.io
twin-0020,twin-0021,Lena Brandt,lena.brandt@cobaltsystems.io
twin-0020,twin-0022,Bartek Janssen,bartek.janssen@cobaltsystems.io
twin-0020,twin-0023,Iris Novak,iris.novak@cobaltsystems.io
twin-0020,twin-0024,Stefan Lindholm,stefan.lindholm@cobaltsystems.io
twin-0020,twin-0012,Pawel Lindholm,pawel.lindholm@meridian-health.org
twin-0020,twin-0028,Anna Sundqvist,anna.sundqvist@lexharbor.com
twin-0021,twin-0017,Mira Berger,mira.berger@cobaltsystems.io
twin-0021,twin-0018,Marek Schmidt,marek.schmidt@cobaltsystems.io
twin-0021,twin-0019,Tomas Lindholm,tomas.lindholm@cobaltsystems.io
twin-0021,twin-0020,Sophie Lindholm,sophie.lindholm@cobaltsystems.io
twin-0021,twin-0022,Bartek Janssen,bartek.janssen@cobaltsystems.io
twin-0021,twin-0023,Iris Novak,iris.novak@cobaltsystems.io
twin-0021,twin-0024,Stefan Lindholm,stefan.lindholm@cobaltsystems.io
twin-0022,twin-0017,Mira Berger,mira.berger@cobaltsystems.io
twin-0022,twin-0018,Marek Schmidt,marek.schmidt@cobaltsystems.io
twin-0022,twin-0019,Tomas Lindholm,tomas.lindholm@cobaltsystems.io
twin-0022,twin-0020,Sophie Lindholm,sophie.lindholm@cobaltsystems.io
twin-0022,twin-0021,Lena Brandt,lena.brandt@cobaltsystems.io
twin-0022,twin-0023,Iris Novak,iris.novak@cobaltsystems.io
twin-0022,twin-0024,Stefan Lindholm,stefan.lindholm@cobaltsystems.io
twin-0023,twin-0017,Mira Berger,mira.berger@cobaltsystems.io
twin-0023,twin-0018,Marek Schmidt,marek.schmidt@cobaltsystems.io
twin-0023,twin-0019,Tomas Lindholm,tomas.lindholm@cobaltsystems.io
twin-0023,twin-0020,Sophie Lindholm,sophie.lindholm@cobaltsystems.io
twin-0023,twin-0021,Lena Brandt,lena.brandt@cobaltsystems.io
twin-0023,twin-0022,Bartek Janssen,bartek.janssen@cobaltsystems.io
twin-0023,twin-0024,Stefan Lindholm,stefan.lindholm@cobaltsystems.io
twin-0024,twin-0017,Mira Berger,mira.berger@cobaltsystems.io
twin-0024,twin-0018,Marek Schmidt,marek.schmidt@cobaltsystems.io
twin-0024,twin-0019,Tomas Lindholm,tomas.lindholm@cobaltsystems.io
twin-0024,twin-0020,Sophie Lindholm,sophie.lindholm@cobaltsystems.io
twin-0024,twin-0021,Lena Brandt,lena.brandt@cobaltsystems.io
twin-0024,twin-0022,Bartek Janssen,bartek.janssen@cobaltsystems.io
twin-0024,twin-0023,Iris Novak,iris.novak@cobaltsystems.io
twin-0025,twin-0026,Lukas Lindholm,lukas.lindholm@lexharbor.com
twin-0025,twin-0027,Oskar Keller,oskar.keller@lexharbor.com
twin-0025,twin-0028,Anna Sundqvist,anna.sundqvist@lexharbor.com
twin-0025,twin-0029,Pawel Sokolov,pawel.sokolov@lexharbor.com
twin-0025,twin-0030,Viktor Berger,viktor.berger@lexharbor.com
twin-0025,twin-0031,Greta Moreau,greta.moreau@lexharbor.com
twin-0025,twin-0032,Felix Brandt,felix.brandt@lexharbor.com
twin-0025,twin-0017,Mira Berger,mira.berger@cobaltsystems.io
twin-0025,twin-0033,Sophie Novak,sophie.novak@greenfield-ind.com
twin-0026,twin-0025,Eva Berger,eva.berger@lexharbor.com
twin-0026,twin-0027,Oskar Keller,oskar.keller@lexharbor.com
twin-0026,twin-0028,Anna Sundqvist,anna.sundqvist@lexharbor.com
twin-0026,twin-0029,Pawel Sokolov,pawel.sokolov@lexharbor.com
twin-0026,twin-0030,Viktor Berger,viktor.berger@lexharbor.com
twin-0026,twin-0031,Greta Moreau,greta.moreau@lexharbor.com
twin-0026,twin-0032,Felix Brandt,felix.brandt@lexharbor.com
twin-0027,twin-0025,Eva Berger,eva.berger@lexharbor.com
twin-0027,twin-0026,Lukas Lindholm,lukas.lindholm@lexharbor.com
twin-0027,twin-0028,Anna Sundqvist,anna.sundqvist@lexharbor.com
twin-0027,twin-0029,Pawel Sokolov,pawel.sokolov@lexharbor.com
twin-0027,twin-0030,Viktor Berger,viktor.berger@lexharbor.com
twin-0027,twin-0031,Greta Moreau,greta.moreau@lexharbor.com
twin-0027,twin-0032,Felix Brandt,felix.brandt@lexharbor.com
twin-0028,twin-0025,Eva Berger,eva.berger@lexharbor.com
twin-0028,twin-0026,Lukas Lindholm,lukas.lindholm@lexharbor.com
twin-0028,twin-0027,Oskar Keller,oskar.keller@lexharbor.com
twin-0028,twin-0029,Pawel Sokolov,pawel.sokolov@lexharbor.com
twin-0028,twin-0030,Viktor Berger,viktor.berger@lexharbor.com
twin-0028,twin-0031,Greta Moreau,greta.moreau@lexharbor.com
twin-0028,twin-0032,Felix Brandt,felix.brandt@lexharbor.com
twin-0028,twin-0020,Sophie Lindholm,sophie.lindholm@cobaltsystems.io
twin-0028,twin-0036,Tomas Marchetti,tomas.marchetti@greenfield-ind.com
twin-0029,twin-0025,Eva Berger,eva.berger@lexharbor.com
twin-0029,twin-0026,Lukas Lindholm,lukas.lindholm@lexharbor.com
twin-0029,twin-0027,Oskar Keller,oskar.keller@lexharbor.com
twin-0029,twin-0028,Anna Sundqvist,anna.sundqvist@lexharbor.com
twin-0029,twin-0030,Viktor Berger,viktor.berger@lexharbor.com
twin-0029,twin-0031,Greta Moreau,greta.moreau@lexharbor.com
twin-0029,twin-0032,Felix Brandt,felix.brandt@lexharbor.com
twin-0030,twin-0025,Eva Berger,eva.berger@lexharbor.com
twin-0030,twin-0026,Lukas Lindholm,lukas.lindholm@lexharbor.com
twin-0030,twin-0027,Oskar Keller,oskar.keller@lexharbor.com
twin-0030,twin-0028,Anna Sundqvist,anna.sundqvist@lexharbor.com
twin-0030,twin-0029,Pawel Sokolov,pawel.sokolov@lexharbor.com
twin-0030,twin-0031,Greta Moreau,greta.moreau@lexharbor.com
twin-0030,twin-0032,Felix Brandt,felix.brandt@lexharbor.com
twin-0031,twin-0025,Eva Berger,eva.berger@lexharbor.com
twin-0031,twin-0026,Lukas Lindholm,lukas.lindholm@lexharbor.com
twin-0031,twin-0027,Oskar Keller,oskar.keller@lexharbor.com
twin-0031,twin-0028,Anna Sundqvist,anna.sundqvist@lexharbor.com
twin-0031,twin-0029,Pawel Sokolov,pawel.sokolov@lexharbor.com
twin-0031,twin-0030,Viktor Berger,viktor.berger@lexharbor.com
twin-0031,twin-0032,Felix Brandt,felix.brandt@lexharbor.com
twin-0032,twin-0025,Eva Berger,eva.berger@lexharbor.com
twin-0032,twin-0026,Lukas Lindholm,lukas.lindholm@lexharbor.com
twin-0032,twin-0027,Oskar Keller,oskar.keller@lexharbor.com
twin-0032,twin-0028,Anna Sundqvist,anna.sundqvist@lexharbor.com
twin-0032,twin-0029,Pawel Sokolov,pawel.sokolov@lexharbor.com
twin-0032,twin-0030,Viktor Berger,viktor.berger@lexharbor.com
twin-0032,twin-0031,Greta Moreau,greta.moreau@lexharbor.com
twin-0033,twin-0034,Adrian Reuter,adrian.reuter@greenfield-ind.com
twin-0033,twin-0035,Sophie Dvorak,sophie.dvorak@greenfield-ind.com
twin-0033,twin-0036,Tomas Marchetti,tomas.marchetti@greenfield-ind.com
twin-0033,twin-0037,Adrian Sundqvist,adrian.sundqvist@greenfield-ind.com
twin-0033,twin-0038,Hannah Marchetti,hannah.marchetti@greenfield-ind.com
twin-0033,twin-0039,Greta Dvorak,greta.dvorak@greenfield-ind.com
twin-0033,twin-0040,Greta Dvorak,greta.dvorak.0040@greenfield-ind.com
twin-0033,twin-0025,Eva Berger,eva.berger@lexharbor.com
twin-0033,twin-0041,Marek Sokolov,marek.sokolov@arcadia-logistics.com
twin-0034,twin-0033,Sophie Novak,sophie.novak@greenfield-ind.com
twin-0034,twin-0035,Sophie Dvorak,sophie.dvorak@greenfield-ind.com
twin-0034,twin-0036,Tomas Marchetti,tomas.marchetti@greenfield-ind.com
twin-0034,twin-0037,Adrian Sundqvist,adrian.sundqvist@greenfield-ind.com
twin-0034,twin-0038,Hannah Marchetti,hannah.marchetti@greenfield-ind.com
twin-0034,twin-0039,Greta Dvorak,greta.dvorak@greenfield-ind.com
twin-0034,twin-0040,Greta Dvorak,greta.dvorak.0040@greenfield-ind.com
twin-0035,twin-0033,Sophie Novak,sophie.novak@greenfield-ind.com
twin-0035,twin-0034,Adrian Reuter,adrian.reuter@greenfield-ind.com
twin-0035,twin-0036,Tomas Marchetti,tomas.marchetti@greenfield-ind.com
twin-0035,twin-0037,Adrian Sundqvist,adrian.sundqvist@greenfield-ind.com
twin-0035,twin-0038,Hannah Marchetti,hannah.marchetti@greenfield-ind.com
twin-0035,twin-0039,Greta Dvorak,greta.dvorak@greenfield-ind.com
twin-0035,twin-0040,Greta Dvorak,greta.dvorak.0040@greenfield-ind.com
twin-0036,twin-0033,Sophie Novak,sophie.novak@greenfield-ind.com
twin-0036,twin-0034,Adrian Reuter,adrian.reuter@greenfield-ind.com
twin-0036,twin-0035,Sophie Dvorak,sophie.dvorak@greenfield-ind.com
twin-0036,twin-0037,Adrian Sundqvist,adrian.sundqvist@greenfield-ind.com
twin-0036,twin-0038,Hannah Marchetti,hannah.marchetti@greenfield-ind.com
twin-0036,twin-0039,Greta Dvorak,greta.dvorak@greenfield-ind.com
twin-0036,twin-0040,Greta Dvorak,greta.dvorak.0040@greenfield-ind.com
twin-0036,twin-0028,Anna Sundqvist,anna.sundqvist@lexharbor.com
twin-0036,twin-0044,Iris Reuter,iris.reuter@arcadia-logistics.com
twin-0037,twin-0033,Sophie Novak,sophie.novak@greenfield-ind.com
twin-0037,twin-0034,Adrian Reuter,adrian.reuter@greenfield-ind.com
twin-0037,twin-0035,Sophie Dvorak,sophie.dvorak@greenfield-ind.com
twin-0037,twin-0036,Tomas Marchetti,tomas.marchetti@greenfield-ind.com
twin-0037,twin-0038,Hannah Marchetti,hannah.marchetti@greenfield-ind.com
twin-0037,twin-0039,Greta Dvorak,greta.dvorak@greenfield-ind.com
twin-0037,twin-0040,Greta Dvorak,greta.dvorak.0040@greenfield-ind.com
twin-0038,twin-0033,Sophie Novak,sophie.novak@greenfield-ind.com
twin-0038,twin-0034,Adrian Reuter,adrian.reuter@greenfield-ind.com
twin-0038,twin-0035,Sophie Dvorak,sophie.dvorak@greenfield-ind.com
twin-0038,twin-0036,Tomas Marchetti,tomas.marchetti@greenfield-ind.com
twin-0038,twin-0037,Adrian Sundqvist,adrian.sundqvist@greenfield-ind.com
twin-0038,twin-0039,Greta Dvorak,greta.dvorak@greenfield-ind.com
twin-0038,twin-0040,Greta Dvorak,greta.dvorak.0040@greenfield-ind.com
twin-0039,twin-0033,Sophie Novak,sophie.novak@greenfield-ind.com
twin-0039,twin-0034,Adrian Reuter,adrian.reuter@greenfield-ind.com
twin-0039,twin-0035,Sophie Dvorak,sophie.dvorak@greenfield-ind.com
twin-0039,twin-0036,Tomas Marchetti,tomas.marchetti@greenfield-ind.com
twin-0039,twin-0037,Adrian Sundqvist,adrian.sundqvist@greenfield-ind.com
twin-0039,twin-0038,Hannah Marchetti,hannah.marchetti@greenfield-ind.com
twin-0039,twin-0040,Greta Dvorak,greta.dvorak.0040@greenfield-ind.com
twin-0040,twin-0033,Sophie Novak,sophie.novak@greenfield-ind.com
twin-0040,twin-0034,Adrian Reuter,adrian.reuter@greenfield-ind.com
twin-0040,twin-0035,Sophie Dvorak,sophie.dvorak@greenfield-ind.com
twin-0040,twin-0036,Tomas Marchetti,tomas.marchetti@greenfield-ind.com
twin-0040,twin-0037,Adrian Sundqvist,adrian.sundqvist@greenfield-ind.com
twin-0040,twin-0038,Hannah Marchetti,hannah.marchetti@greenfield-ind.com
twin-0040,twin-0039,Greta Dvorak,greta.dvorak@greenfield-ind.com
twin-0041,twin-0042,Lukas Lindholm,lukas.lindholm@arcadia-logistics.com
twin-0041,twin-0043,Stefan Kowalski,stefan.kowalski@arcadia-logistics.com
twin-0041,twin-0044,Iris Reuter,iris.reuter@arcadia-logistics.com
twin-0041,twin-0045,Sophie Schmidt,sophie.schmidt@arcadia-logistics.com
twin-0041,twin-0046,Eva Lindholm,eva.lindholm@arcadia-logistics.com
twin-0041,twin-0047,Nina Berger,nina.berger@arcadia-logistics.com
twin-0041,twin-0048,Greta Moreau,greta.moreau@arcadia-logistics.com
twin-0041,twin-0033,Sophie Novak,sophie.novak@greenfield-ind.com
twin-0041,twin-0049,Viktor Lindholm,viktor.lindholm@helvetia-insure.com
twin-0042,twin-0041,Marek Sokolov,marek.sokolov@arcadia-logistics.com
twin-0042,twin-0043,Stefan Kowalski,stefan.kowalski@arcadia-logistics.com
twin-0042,twin-0044,Iris Reuter,iris.reuter@arcadia-logistics.com
twin-0042,twin-0045,Sophie Schmidt,sophie.schmidt@arcadia-logistics.com
twin-0042,twin-0046,Eva Lindholm,eva.lindholm@arcadia-logistics.com
twin-0042,twin-0047,Nina Berger,nina.berger@arcadia-logistics.com
twin-0042,twin-0048,Greta Moreau,greta.moreau@arcadia-logistics.com
twin-0043,twin-0041,Marek Sokolov,marek.sokolov@arcadia-logistics.com
twin-0043,twin-0042,Lukas Lindholm,lukas.lindholm@arcadia-logistics.com
twin-0043,twin-0044,Iris Reuter,iris.reuter@arcadia-logistics.com
twin-0043,twin-0045,Sophie Schmidt,sophie.schmidt@arcadia-logistics.com
twin-0043,twin-0046,Eva Lindholm,eva.lindholm@arcadia-logistics.com
twin-0043,twin-0047,Nina Berger,nina.berger@arcadia-logistics.com
twin-0043,twin-0048,Greta Moreau,greta.moreau@arcadia-logistics.com
twin-0044,twin-0041,Marek Sokolov,marek.sokolov@arcadia-logistics.com
twin-0044,twin-0042,Lukas Lindholm,lukas.lindholm@arcadia-logistics.com
twin-0044,twin-0043,Stefan Kowalski,stefan.kowalski@arcadia-logistics.com
twin-0044,twin-0045,Sophie Schmidt,sophie.schmidt@arcadia-logistics.com
twin-0044,twin-0046,Eva Lindholm,eva.lindholm@arcadia-logistics.com
twin-0044,twin-0047,Nina Berger,nina.berger@arcadia-logistics.com
twin-0044,twin-0048,Greta Moreau,greta.moreau@arcadia-logistics.com
twin-0044,twin-0036,Tomas Marchetti,tomas.marchetti@greenfield-ind.com
twin-0044,twin-0052,Daniel Keller,daniel.keller@helvetia-insure.com
twin-0045,twin-0041,Marek Sokolov,marek.sokolov@arcadia-logistics.com
twin-0045,twin-0042,Lukas Lindholm,lukas.lindholm@arcadia-logistics.com
twin-0045,twin-0043,Stefan Kowalski,stefan.kowalski@arcadia-logistics.com
twin-0045,twin-0044,Iris Reuter,iris.reuter@arcadia-logistics.com
twin-0045,twin-0046,Eva Lindholm,eva.lindholm@arcadia-logistics.com
twin-0045,twin-0047,Nina Berger,nina.berger@arcadia-logistics.com
twin-0045,twin-0048,Greta Moreau,greta.moreau@arcadia-logistics.com
twin-0046,twin-0041,Marek Sokolov,marek.sokolov@arcadia-logistics.com
twin-0046,twin-0042,Lukas Lindholm,lukas.lindholm@arcadia-logistics.com
twin-0046,twin-0043,Stefan Kowalski,stefan.kowalski@arcadia-logistics.com
twin-0046,twin-0044,Iris Reuter,iris.reuter@arcadia-logistics.com
twin-0046,twin-0045,Sophie Schmidt,sophie.schmidt@arcadia-logistics.com
twin-0046,twin-0047,Nina Berger,nina.berger@arcadia-logistics.com
twin-0046,twin-0048,Greta Moreau,greta.moreau@arcadia-logistics.com
twin-0047,twin-0041,Marek Sokolov,marek.sokolov@arcadia-logistics.com
twin-0047,twin-0042,Lukas Lindholm,lukas.lindholm@arcadia-logistics.com
twin-0047,twin-0043,Stefan Kowalski,stefan.kowalski@arcadia-logistics.com
twin-0047,twin-0044,Iris Reuter,iris.reuter@arcadia-logistics.com
twin-0047,twin-0045,Sophie Schmidt,sophie.schmidt@arcadia-logistics.com
twin-0047,twin-0046,Eva Lindholm,eva.lindholm@arcadia-logistics.com
twin-0047,twin-0048,Greta Moreau,greta.moreau@arcadia-logistics.com
twin-0048,twin-0041,Marek Sokolov,marek.sokolov@arcadia-logistics.com
twin-0048,twin-0042,Lukas Lindholm,lukas.lindholm@arcadia-logistics.com
twin-0048,twin-0043,Stefan Kowalski,stefan.kowalski@arcadia-logistics.com
twin-0048,twin-0044,Iris Reuter,iris.reuter@arcadia-logistics.com
twin-0048,twin-0045,Sophie Schmidt,sophie.schmidt@arcadia-logistics.com
twin-0048,twin-0046,Eva Lindholm,eva.lindholm@arcadia-logistics.com
twin-0048,twin-0047,Nina Berger,nina.berger@arcadia-logistics.com
twin-0049,twin-0050,Greta Wojcik,greta.wojcik@helvetia-insure.com
twin-0049,twin-0051,Bartek Brandt,bartek.brandt@helvetia-insure.com
twin-0049,twin-0052,Daniel Keller,daniel.keller@helvetia-insure.com
twin-0049,twin-0053,Felix Dvorak,felix.dvorak@helvetia-insure.com
twin-0049,twin-0054,Viktor Falk,viktor.falk@helvetia-insure.com
twin-0049,twin-0055,Marek Dvorak,marek.dvorak@helvetia-insure.com
twin-0049,twin-0056,Eva Dvorak,eva.dvorak@helvetia-insure.com
twin-0049,twin-0041,Marek Sokolov,marek.sokolov@arcadia-logistics.com
twin-0049,twin-0057,Oskar Adamczyk,oskar.adamczyk@brightpath-edu.org
twin-0050,twin-0049,Viktor Lindholm,viktor.lindholm@helvetia-insure.com
twin-0050,twin-0051,Bartek Brandt,bartek.brandt@helvetia-insure.com
twin-0050,twin-0052,Daniel Keller,daniel.keller@helvetia-insure.com
twin-0050,twin-0053,Felix Dvorak,felix.dvorak@helvetia-insure.com
twin-0050,twin-0054,Viktor Falk,viktor.falk@helvetia-insure.com
twin-0050,twin-0055,Marek Dvorak,marek.dvorak@helvetia-insure.com
twin-0050,twin-0056,Eva Dvorak,eva.dvorak@helvetia-insure.com
twin-0051,twin-0049,Viktor Lindholm,viktor.lindholm@helvetia-insure.com
twin-0051,twin-0050,Greta Wojcik,greta.wojcik@helvetia-insure.com
twin-0051,twin-0052,Daniel Keller,daniel.keller@helvetia-insure.com
twin-0051,twin-0053,Felix Dvorak,felix.dvorak@helvetia-insure.com
twin-0051,twin-0054,Viktor Falk,viktor.falk@helvetia-insure.com
twin-0051,twin-0055,Marek Dvorak,marek.dvorak@helvetia-insure.com
twin-0051,twin-0056,Eva Dvorak,eva.dvorak@helvetia-insure.com
twin-0052,twin-0049,Viktor Lindholm,viktor.lindholm@helvetia-insure.com
twin-0052,twin-0050,Greta Wojcik,greta.wojcik@helvetia-insure.com
twin-0052,twin-0051,Bartek Brandt,bartek.brandt@helvetia-insure.com
twin-0052,twin-0053,Felix Dvorak,felix.dvorak@helvetia-insure.com
twin-0052,twin-0054,Viktor Falk,viktor.falk@helvetia-insure.com
twin-0052,twin-0055,Marek Dvorak,marek.dvorak@helvetia-insure.com
twin-0052,twin-0056,Eva Dvorak,eva.dvorak@helvetia-insure.com
twin-0052,twin-0044,Iris Reuter,iris.reuter@arcadia-logistics.com
twin-0052,twin-0060,Viktor Sokolov,viktor.sokolov@brightpath-edu.org
twin-0053,twin-0049,Viktor Lindholm,viktor.lindholm@helvetia-insure.com
twin-0053,twin-0050,Greta Wojcik,greta.wojcik@helvetia-insure.com
twin-0053,twin-0051,Bartek Brandt,bartek.brandt@helvetia-insure.com
twin-0053,twin-0052,Daniel Keller,daniel.keller@helvetia-insure.com
twin-0053,twin-0054,Viktor Falk,viktor.falk@helvetia-insure.com
twin-0053,twin-0055,Marek Dvorak,marek.dvorak@helvetia-insure.com
twin-0053,twin-0056,Eva Dvorak,eva.dvorak@helvetia-insure.com
twin-0054,twin-0049,Viktor Lindholm,viktor.lindholm@helvetia-insure.com
twin-0054,twin-0050,Greta Wojcik,greta.wojcik@helvetia-insure.com
twin-0054,twin-0051,Bartek Brandt,bartek.brandt@helvetia-insure.com
twin-0054,twin-0052,Daniel Keller,daniel.keller@helvetia-insure.com
twin-0054,twin-0053,Felix Dvorak,felix.dvorak@helvetia-insure.com
twin-0054,twin-0055,Marek Dvorak,marek.dvorak@helvetia-insure.com
twin-0054,twin-0056,Eva Dvorak,eva.dvorak@helvetia-insure.com
twin-0055,twin-0049,Viktor Lindholm,viktor.lindholm@helvetia-insure.com
twin-0055,twin-0050,Greta Wojcik,greta.wojcik@helvetia-insure.com
twin-0055,twin-0051,Bartek Brandt,bartek.brandt@helvetia-insure.com
twin-0055,twin-0052,Daniel Keller,daniel.keller@helvetia-insure.com
twin-0055,twin-0053,Felix Dvorak,felix.dvorak@helvetia-insure.com
twin-0055,twin-0054,Viktor Falk,viktor.falk@helvetia-insure.com
twin-0055,twin-0056,Eva Dvorak,eva.dvorak@helvetia-insure.com
twin-0056,twin-0049,Viktor Lindholm,viktor.lindholm@helvetia-insure.com
twin-0056,twin-0050,Greta Wojcik,greta.wojcik@helvetia-insure.com
twin-0056,twin-0051,Bartek Brandt,bartek.brandt@helvetia-insure.com
twin-0056,twin-0052,Daniel Keller,daniel.keller@helvetia-insure.com
twin-0056,twin-0053,Felix Dvorak,felix.dvorak@helvetia-insure.com
twin-0056,twin-0054,Viktor Falk,viktor.falk@helvetia-insure.com
twin-0056,twin-0055,Marek Dvorak,marek.dvorak@helvetia-insure.com
twin-0057,twin-0058,Mira Wojcik,mira.wojcik@brightpath-edu.org
twin-0057,twin-0059,Jonas Sokolov,jonas.sokolov@brightpath-edu.org
twin-0057,twin-0060,Viktor Sokolov,viktor.sokolov@brightpath-edu.org
twin-0057,twin-0061,Mira Schmidt,mira.schmidt@brightpath-edu.org
twin-0057,twin-0062,Eva Wojcik,eva.wojcik@brightpath-edu.org
twin-0057,twin-0063,Eva Moreau,eva.moreau@brightpath-edu.org
twin-0057,twin-0064,Greta Schmidt,greta.schmidt@brightpath-edu.org
twin-0057,twin-0049,Viktor Lindholm,viktor.lindholm@helvetia-insure.com
twin-0057,twin-0065,Marek Adamczyk,marek.adamczyk@vantage-retail.com
twin-0058,twin-0057,Oskar Adamczyk,oskar.adamczyk@brightpath-edu.org
twin-0058,twin-0059,Jonas Sokolov,jonas.sokolov@brightpath-edu.org
twin-0058,twin-0060,Viktor Sokolov,viktor.sokolov@brightpath-edu.org
twin-0058,twin-0061,Mira Schmidt,mira.schmidt@brightpath-edu.org
twin-0058,twin-0062,Eva Wojcik,eva.wojcik@brightpath-edu.org
twin-0058,twin-0063,Eva Moreau,eva.moreau@brightpath-edu.org
twin-0058,twin-0064,Greta Schmidt,greta.schmidt@brightpath-edu.org
twin-0059,twin-0057,Oskar Adamczyk,oskar.adamczyk@brightpath-edu.org
twin-0059,twin-0058,Mira Wojcik,mira.wojcik@brightpath-edu.org
twin-0059,twin-0060,Viktor Sokolov,viktor.sokolov@brightpath-edu.org
twin-0059,twin-0061,Mira Schmidt,mira.schmidt@brightpath-edu.org
twin-0059,twin-0062,Eva Wojcik,eva.wojcik@brightpath-edu.org
twin-0059,twin-0063,Eva Moreau,eva.moreau@brightpath-edu.org
twin-0059,twin-0064,Greta Schmidt,greta.schmidt@brightpath-edu.org
twin-0060,twin-0057,Oskar Adamczyk,oskar.adamczyk@brightpath-edu.org
twin-0060,twin-0058,Mira Wojcik,mira.wojcik@brightpath-edu.org
twin-0060,twin-0059,Jonas Sokolov,jonas.sokolov@brightpath-edu.org
twin-0060,twin-0061,Mira Schmidt,mira.schmidt@brightpath-edu.org
twin-0060,twin-0062,Eva Wojcik,eva.wojcik@brightpath-edu.org
twin-0060,twin-0063,Eva Moreau,eva.moreau@brightpath-edu.org
twin-0060,twin-0064,Greta Schmidt,greta.schmidt@brightpath-edu.org
twin-0060,twin-0052,Daniel Keller,daniel.keller@helvetia-insure.com
twin-0060,twin-0068,Nina Lindholm,nina.lindholm@vantage-retail.com
twin-0061,twin-0057,Oskar Adamczyk,oskar.adamczyk@brightpath-edu.org
twin-0061,twin-0058,Mira Wojcik,mira.wojcik@brightpath-edu.org
twin-0061,twin-0059,Jonas Sokolov,jonas.sokolov@brightpath-edu.org
twin-0061,twin-0060,Viktor Sokolov,viktor.sokolov@brightpath-edu.org
twin-0061,twin-0062,Eva Wojcik,eva.wojcik@brightpath-edu.org
twin-0061,twin-0063,Eva Moreau,eva.moreau@brightpath-edu.org
twin-0061,twin-0064,Greta Schmidt,greta.schmidt@brightpath-edu.org
twin-0062,twin-0057,Oskar Adamczyk,oskar.adamczyk@brightpath-edu.org
twin-0062,twin-0058,Mira Wojcik,mira.wojcik@brightpath-edu.org
twin-0062,twin-0059,Jonas Sokolov,jonas.sokolov@brightpath-edu.org
twin-0062,twin-0060,Viktor Sokolov,viktor.sokolov@brightpath-edu.org
twin-0062,twin-0061,Mira Schmidt,mira.schmidt@brightpath-edu.org
twin-0062,twin-0063,Eva Moreau,eva.moreau@brightpath-edu.org
twin-0062,twin-0064,Greta Schmidt,greta.schmidt@brightpath-edu.org
twin-0063,twin-0057,Oskar Adamczyk,oskar.adamczyk@brightpath-edu.org
twin-0063,twin-0058,Mira Wojcik,mira.wojcik@brightpath-edu.org
twin-0063,twin-0059,Jonas Sokolov,jonas.sokolov@brightpath-edu.org
twin-0063,twin-0060,Viktor Sokolov,viktor.sokolov@brightpath-edu.org
twin-0063,twin-0061,Mira Schmidt,mira.schmidt@brightpath-edu.org
twin-0063,twin-0062,Eva Wojcik,eva.wojcik@brightpath-edu.org
twin-0063,twin-0064,Greta Schmidt,greta.schmidt@brightpath-edu.org
twin-0064,twin-0057,Oskar Adamczyk,oskar.adamczyk@brightpath-edu.org
twin-0064,twin-0058,Mira Wojcik,mira.wojcik@brightpath-edu.org
twin-0064,twin-0059,Jonas Sokolov,jonas.sokolov@brightpath-edu.org
twin-0064,twin-0060,Viktor Sokolov,viktor.sokolov@brightpath-edu.org
twin-0064,twin-0061,Mira Schmidt,mira.schmidt@brightpath-edu.org
twin-0064,twin-0062,Eva Wojcik,eva.wojcik@brightpath-edu.org
twin-0064,twin-0063,Eva Moreau,eva.moreau@brightpath-edu.org
twin-0065,twin-0066,Lena Brandt,lena.brandt@vantage-retail.com
twin-0065,twin-0067,Tomas Haas,tomas.haas@vantage-retail.com
twin-0065,twin-0068,Nina Lindholm,nina.lindholm@vantage-retail.com
twin-0065,twin-0069,Lukas Berger,lukas.berger@vantage-retail.com
twin-0065,twin-0070,Oskar Falk,oskar.falk@vantage-retail.com
twin-0065,twin-0071,Lena Wojcik,lena.wojcik@vantage-retail.com
twin-0065,twin-0072,Tomas Berger,tomas.berger@vantage-retail.com
twin-0065,twin-0057,Oskar Adamczyk,oskar.adamczyk@brightpath-edu.org
twin-0065,twin-0073,Felix Novak,felix.novak@aurora-media.tv
twin-0066,twin-0065,Marek Adamczyk,marek.adamczyk@vantage-retail.com
twin-0066,twin-0067,Tomas Haas,tomas.haas@vantage-retail.com
twin-0066,twin-0068,Nina Lindholm,nina.lindholm@vantage-retail.com
twin-0066,twin-0069,Lukas Berger,lukas.berger@vantage-retail.com
twin-0066,twin-0070,Oskar Falk,oskar.falk@vantage-retail.com
twin-0066,twin-0071,Lena Wojcik,lena.wojcik@vantage-retail.com
twin-0066,twin-0072,Tomas Berger,tomas.berger@vantage-retail.com
twin-0067,twin-0065,Marek Adamczyk,marek.adamczyk@vantage-retail.com
twin-0067,twin-0066,Lena Brandt,lena.brandt@vantage-retail.com
twin-0067,twin-0068,Nina Lindholm,nina.lindholm@vantage-retail.com
twin-0067,twin-0069,Lukas Berger,lukas.berger@vantage-retail.com
twin-0067,twin-0070,Oskar Falk,oskar.falk@vantage-retail.com
twin-0067,twin-0071,Lena Wojcik,lena.wojcik@vantage-retail.com
twin-0067,twin-0072,Tomas Berger,tomas.berger@vantage-retail.com
twin-0068,twin-0065,Marek Adamczyk,marek.adamczyk@vantage-retail.com
twin-0068,twin-0066,Lena Brandt,lena.brandt@vantage-retail.com
twin-0068,twin-0067,Tomas Haas,tomas.haas@vantage-retail.com
twin-0068,twin-0069,Lukas Berger,lukas.berger@vantage-retail.com
twin-0068,twin-0070,Oskar Falk,oskar.falk@vantage-retail.com
twin-0068,twin-0071,Lena Wojcik,lena.wojcik@vantage-retail.com
twin-0068,twin-0072,Tomas Berger,tomas.berger@vantage-retail.com
twin-0068,twin-0060,Viktor Sokolov,viktor.sokolov@brightpath-edu.org
twin-0068,twin-0076,Hannah Haas,hannah.haas@aurora-media.tv
twin-0069,twin-0065,Marek Adamczyk,marek.adamczyk@vantage-retail.com
twin-0069,twin-0066,Lena Brandt,lena.brandt@vantage-retail.com
twin-0069,twin-0067,Tomas Haas,tomas.haas@vantage-retail.com
twin-0069,twin-0068,Nina Lindholm,nina.lindholm@vantage-retail.com
twin-0069,twin-0070,Oskar Falk,oskar.falk@vantage-retail.com
twin-0069,twin-0071,Lena Wojcik,lena.wojcik@vantage-retail.com
twin-0069,twin-0072,Tomas Berger,tomas.berger@vantage-retail.com
twin-0070,twin-0065,Marek Adamczyk,marek.adamczyk@vantage-retail.com
twin-0070,twin-0066,Lena Brandt,lena.brandt@vantage-retail.com
twin-0070,twin-0067,Tomas Haas,tomas.haas@vantage-retail.com
twin-0070,twin-0068,Nina Lindholm,nina.lindholm@vantage-retail.com
twin-0070,twin-0069,Lukas Berger,lukas.berger@vantage-retail.com
twin-0070,twin-0071,Lena Wojcik,lena.wojcik@vantage-retail.com
twin-0070,twin-0072,Tomas Berger,tomas.berger@vantage-retail.com
twin-0071,twin-0065,Marek Adamczyk,marek.adamczyk@vantage-retail.com
twin-0071,twin-0066,Lena Brandt,lena.brandt@vantage-retail.com
twin-0071,twin-0067,Tomas Haas,tomas.haas@vantage-retail.com
twin-0071,twin-0068,Nina Lindholm,nina.lindholm@vantage-retail.com
twin-0071,twin-0069,Lukas Berger,lukas.berger@vantage-retail.com
twin-0071,twin-0070,Oskar Falk,oskar.falk@vantage-retail.com
twin-0071,twin-0072,Tomas Berger,tomas.berger@vantage-retail.com
twin-0072,twin-0065,Marek Adamczyk,marek.adamczyk@vantage-retail.com
twin-0072,twin-0066,Lena Brandt,lena.brandt@vantage-retail.com
twin-0072,twin-0067,Tomas Haas,tomas.haas@vantage-retail.com
twin-0072,twin-0068,Nina Lindholm,nina.lindholm@vantage-retail.com
twin-0072,twin-0069,Lukas Berger,lukas.berger@vantage-retail.com
twin-0072,twin-0070,Oskar Falk,oskar.falk@vantage-retail.com
twin-0072,twin-0071,Lena Wojcik,lena.wojcik@vantage-retail.com
twin-0073,twin-0074,Viktor Brandt,viktor.brandt@aurora-media.tv
twin-0073,twin-0075,Bartek Adamczyk,bartek.adamczyk@aurora-media.tv
twin-0073,twin-0076,Hannah Haas,hannah.haas@aurora-media.tv
twin-0073,twin-0077,Lukas Adamczyk,lukas.adamczyk@aurora-media.tv
twin-0073,twin-0078,Julia Marchetti,julia.marchetti@aurora-media.tv
twin-0073,twin-0079,Felix Reuter,felix.reuter@aurora-media.tv
twin-0073,twin-0080,Tomas Falk,tomas.falk@aurora-media.tv
twin-0073,twin-0065,Marek Adamczyk,marek.adamczyk@vantage-retail.com
twin-0073,twin-0081,Viktor Lindholm,viktor.lindholm@sterling-build.com
twin-0074,twin-0073,Felix Novak,felix.novak@aurora-media.tv
twin-0074,twin-0075,Bartek Adamczyk,bartek.adamczyk@aurora-media.tv
twin-0074,twin-0076,Hannah Haas,hannah.haas@aurora-media.tv
twin-0074,twin-0077,Lukas Adamczyk,lukas.adamczyk@aurora-media.tv
twin-0074,twin-0078,Julia Marchetti,julia.marchetti@aurora-media.tv
twin-0074,twin-0079,Felix Reuter,felix.reuter@aurora-media.tv
twin-0074,twin-0080,Tomas Falk,tomas.falk@aurora-media.tv
twin-0075,twin-0073,Felix Novak,felix.novak@aurora-media.tv
twin-0075,twin-0074,Viktor Brandt,viktor.brandt@aurora-media.tv
twin-0075,twin-0076,Hannah Haas,hannah.haas@aurora-media.tv
twin-0075,twin-0077,Lukas Adamczyk,lukas.adamczyk@aurora-media.tv
twin-0075,twin-0078,Julia Marchetti,julia.marchetti@aurora-media.tv
twin-0075,twin-0079,Felix Reuter,felix.reuter@aurora-media.tv
twin-0075,twin-0080,Tomas Falk,tomas.falk@aurora-media.tv
twin-0076,twin-0073,Felix Novak,felix.novak@aurora-media.tv
twin-0076,twin-0074,Viktor Brandt,viktor.brandt@aurora-media.tv
twin-0076,twin-0075,Bartek Adamczyk,bartek.adamczyk@aurora-media.tv
twin-0076,twin-0077,Lukas Adamczyk,lukas.adamczyk@aurora-media.tv
twin-0076,twin-0078,Julia Marchetti,julia.marchetti@aurora-media.tv
twin-0076,twin-0079,Felix Reuter,felix.reuter@aurora-media.tv
twin-0076,twin-0080,Tomas Falk,tomas.falk@aurora-media.tv
twin-0076,twin-0068,Nina Lindholm,nina.lindholm@vantage-retail.com
twin-0076,twin-0084,Eva Brandt,eva.brandt@sterling-build.com
twin-0077,twin-0073,Felix Novak,felix.novak@aurora-media.tv
twin-0077,twin-0074,Viktor Brandt,viktor.brandt@aurora-media.tv
twin-0077,twin-0075,Bartek Adamczyk,bartek.adamczyk@aurora-media.tv
twin-0077,twin-0076,Hannah Haas,hannah.haas@aurora-media.tv
twin-0077,twin-0078,Julia Marchetti,julia.marchetti@aurora-media.tv
twin-0077,twin-0079,Felix Reuter,felix.reuter@aurora-media.tv
twin-0077,twin-0080,Tomas Falk,tomas.falk@aurora-media.tv
twin-0078,twin-0073,Felix Novak,felix.novak@aurora-media.tv
twin-0078,twin-0074,Viktor Brandt,viktor.brandt@aurora-media.tv
twin-0078,twin-0075,Bartek Adamczyk,bartek.adamczyk@aurora-media.tv
twin-0078,twin-0076,Hannah Haas,hannah.haas@aurora-media.tv
twin-0078,twin-0077,Lukas Adamczyk,lukas.adamczyk@aurora-media.tv
twin-0078,twin-0079,Felix Reuter,felix.reuter@aurora-media.tv
twin-0078,twin-0080,Tomas Falk,tomas.falk@aurora-media.tv
twin-0079,twin-0073,Felix Novak,felix.novak@aurora-media.tv
twin-0079,twin-0074,Viktor Brandt,viktor.brandt@aurora-media.tv
twin-0079,twin-0075,Bartek Adamczyk,bartek.adamczyk@aurora-media.tv
twin-0079,twin-0076,Hannah Haas,hannah.haas@aurora-media.tv
twin-0079,twin-0077,Lukas Adamczyk,lukas.adamczyk@aurora-media.tv
twin-0079,twin-0078,Julia Marchetti,julia.marchetti@aurora-media.tv
twin-0079,twin-0080,Tomas Falk,tomas.falk@aurora-media.tv
twin-0080,twin-0073,Felix Novak,felix.novak@aurora-media.tv
twin-0080,twin-0074,Viktor Brandt,viktor.brandt@aurora-media.tv
twin-0080,twin-0075,Bartek Adamczyk,bartek.adamczyk@aurora-media.tv
twin-0080,twin-0076,Hannah Haas,hannah.haas@aurora-media.tv
twin-0080,twin-0077,Lukas Adamczyk,lukas.adamczyk@aurora-media.tv
twin-0080,twin-0078,Julia Marchetti,julia.marchetti@aurora-media.tv
twin-0080,twin-0079,Felix Reuter,felix.reuter@aurora-media.tv
twin-0081,twin-0082,Sophie Haas,sophie.haas@sterling-build.com
twin-0081,twin-0083,Jonas Berger,jonas.berger@sterling-build.com
twin-0081,twin-0084,Eva Brandt,eva.brandt@sterling-build.com
twin-0081,twin-0085,Nina Adamczyk,nina.adamczyk@sterling-build.com
twin-0081,twin-0086,Bartek Marchetti,bartek.marchetti@sterling-build.com
twin-0081,twin-0087,Marta Haas,marta.haas@sterling-build.com
twin-0081,twin-0088,Lukas Vogel,lukas.vogel@sterling-build.com
twin-0081,twin-0073,Felix Novak,felix.novak@aurora-media.tv
twin-0081,twin-0089,Bartek Reuter,bartek.reuter@polaris-pharma.com
twin-0082,twin-0081,Viktor Lindholm,viktor.lindholm@sterling-build.com
twin-0082,twin-0083,Jonas Berger,jonas.berger@sterling-build.com
twin-0082,twin-0084,Eva Brandt,eva.brandt@sterling-build.com
twin-0082,twin-0085,Nina Adamczyk,nina.adamczyk@sterling-build.com
twin-0082,twin-0086,Bartek Marchetti,bartek.marchetti@sterling-build.com
twin-0082,twin-0087,Marta Haas,marta.haas@sterling-build.com
twin-0082,twin-0088,Lukas Vogel,lukas.vogel@sterling-build.com
twin-0083,twin-0081,Viktor Lindholm,viktor.lindholm@sterling-build.com
twin-0083,twin-0082,Sophie Haas,sophie.haas@sterling-build.com
twin-0083,twin-0084,Eva Brandt,eva.brandt@sterling-build.com
twin-0083,twin-0085,Nina Adamczyk,nina.adamczyk@sterling-build.com
twin-0083,twin-0086,Bartek Marchetti,bartek.marchetti@sterling-build.com
twin-0083,twin-0087,Marta Haas,marta.haas@sterling-build.com
twin-0083,twin-0088,Lukas Vogel,lukas.vogel@sterling-build.com
twin-0084,twin-0081,Viktor Lindholm,viktor.lindholm@sterling-build.com
twin-0084,twin-0082,Sophie Haas,sophie.haas@sterling-build.com
twin-0084,twin-0083,Jonas Berger,jonas.berger@sterling-build.com
twin-0084,twin-0085,Nina Adamczyk,nina.adamczyk@sterling-build.com
twin-0084,twin-0086,Bartek Marchetti,bartek.marchetti@sterling-build.com
twin-0084,twin-0087,Marta Haas,marta.haas@sterling-build.com
twin-0084,twin-0088,Lukas Vogel,lukas.vogel@sterling-build.com
twin-0084,twin-0076,Hannah Haas,hannah.haas@aurora-media.tv
twin-0084,twin-0092,Adrian Novak,adrian.novak@polaris-pharma.com
twin-0085,twin-0081,Viktor Lindholm,viktor.lindholm@sterling-build.com
twin-0085,twin-0082,Sophie Haas,sophie.haas@sterling-build.com
twin-0085,twin-0083,Jonas Berger,jonas.berger@sterling-build.com
twin-0085,twin-0084,Eva Brandt,eva.brandt@sterling-build.com
twin-0085,twin-0086,Bartek Marchetti,bartek.marchetti@sterling-build.com
twin-0085,twin-0087,Marta Haas,marta.haas@sterling-build.com
twin-0085,twin-0088,Lukas Vogel,lukas.vogel@sterling-build.com
twin-0086,twin-0081,Viktor Lindholm,viktor.lindholm@sterling-build.com
twin-0086,twin-0082,Sophie Haas,sophie.haas@sterling-build.com
twin-0086,twin-0083,Jonas Berger,jonas.berger@sterling-build.com
twin-0086,twin-0084,Eva Brandt,eva.brandt@sterling-build.com
twin-0086,twin-0085,Nina Adamczyk,nina.adamczyk@sterling-build.com
twin-0086,twin-0087,Marta Haas,marta.haas@sterling-build.com
twin-0086,twin-0088,Lukas Vogel,lukas.vogel@sterling-build.com
twin-0087,twin-0081,Viktor Lindholm,viktor.lindholm@sterling-build.com
twin-0087,twin-0082,Sophie Haas,sophie.haas@sterling-build.com
twin-0087,twin-0083,Jonas Berger,jonas.berger@sterling-build.com
twin-0087,twin-0084,Eva Brandt,eva.brandt@sterling-build.com
twin-0087,twin-0085,Nina Adamczyk,nina.adamczyk@sterling-build.com
twin-0087,twin-0086,Bartek Marchetti,bartek.marchetti@sterling-build.com
twin-0087,twin-0088,Lukas Vogel,lukas.vogel@sterling-build.com
twin-0088,twin-0081,Viktor Lindholm,viktor.lindholm@sterling-build.com
twin-0088,twin-0082,Sophie Haas,sophie.haas@sterling-build.com
twin-0088,twin-0083,Jonas Berger,jonas.berger@sterling-build.com
twin-0088,twin-0084,Eva Brandt,eva.brandt@sterling-build.com
twin-0088,twin-0085,Nina Adamczyk,nina.adamczyk@sterling-build.com
twin-0088,twin-0086,Bartek Marchetti,bartek.marchetti@sterling-build.com
twin-0088,twin-0087,Marta Haas,marta.haas@sterling-build.com
twin-0089,twin-0090,Tomas Reuter,tomas.reuter@polaris-pharma.com
twin-0089,twin-0091,Sophie Haas,sophie.haas@polaris-pharma.com
twin-0089,twin-0092,Adrian Novak,adrian.novak@polaris-pharma.com
twin-0089,twin-0093,Marta Haas,marta.haas@polaris-pharma.com
twin-0089,twin-0094,Lena Janssen,lena.janssen@polaris-pharma.com
twin-0089,twin-0095,Oskar Wojcik,oskar.wojcik@polaris-pharma.com
twin-0089,twin-0096,Hannah Lindholm,hannah.lindholm@polaris-pharma.com
twin-0089,twin-0081,Viktor Lindholm,viktor.lindholm@sterling-build.com
twin-0089,twin-0097,Eva Moreau,eva.moreau@ironclad-sec.com
twin-0090,twin-0089,Bartek Reuter,bartek.reuter@polaris-pharma.com
twin-0090,twin-0091,Sophie Haas,sophie.haas@polaris-pharma.com
twin-0090,twin-0092,Adrian Novak,adrian.novak@polaris-pharma.com
twin-0090,twin-0093,Marta Haas,marta.haas@polaris-pharma.com
twin-0090,twin-0094,Lena Janssen,lena.janssen@polaris-pharma.com
twin-0090,twin-0095,Oskar Wojcik,oskar.wojcik@polaris-pharma.com
twin-0090,twin-0096,Hannah Lindholm,hannah.lindholm@polaris-pharma.com
twin-0091,twin-0089,Bartek Reuter,bartek.reuter@polaris-pharma.com
twin-0091,twin-0090,Tomas Reuter,tomas.reuter@polaris-pharma.com
twin-0091,twin-0092,Adrian Novak,adrian.novak@polaris-pharma.com
twin-0091,twin-0093,Marta Haas,marta.haas@polaris-pharma.com
twin-0091,twin-0094,Lena Janssen,lena.janssen@polaris-pharma.com
twin-0091,twin-0095,Oskar Wojcik,oskar.wojcik@polaris-pharma.com
twin-0091,twin-0096,Hannah Lindholm,hannah.lindholm@polaris-pharma.com
twin-0092,twin-0089,Bartek Reuter,bartek.reuter@polaris-pharma.com
twin-0092,twin-0090,Tomas Reuter,tomas.reuter@polaris-pharma.com
twin-0092,twin-0091,Sophie Haas,sophie.haas@polaris-pharma.com
twin-0092,twin-0093,Marta Haas,marta.haas@polaris-pharma.com
twin-0092,twin-0094,Lena Janssen,lena.janssen@polaris-pharma.com
twin-0092,twin-0095,Oskar Wojcik,oskar.wojcik@polaris-pharma.com
twin-0092,twin-0096,Hannah Lindholm,hannah.lindholm@polaris-pharma.com
twin-0092,twin-0084,Eva Brandt,eva.brandt@sterling-build.com
twin-0092,twin-0100,Eva Vogel,eva.vogel@ironclad-sec.com
twin-0093,twin-0089,Bartek Reuter,bartek.reuter@polaris-pharma.com
twin-0093,twin-0090,Tomas Reuter,tomas.reuter@polaris-pharma.com
twin-0093,twin-0091,Sophie Haas,sophie.haas@polaris-pharma.com
twin-0093,twin-0092,Adrian Novak,adrian.novak@polaris-pharma.com
twin-0093,twin-0094,Lena Janssen,lena.janssen@polaris-pharma.com
twin-0093,twin-0095,Oskar Wojcik,oskar.wojcik@polaris-pharma.com
twin-0093,twin-0096,Hannah Lindholm,hannah.lindholm@polaris-pharma.com
twin-0094,twin-0089,Bartek Reuter,bartek.reuter@polaris-pharma.com
twin-0094,twin-0090,Tomas Reuter,tomas.reuter@polaris-pharma.com
twin-0094,twin-0091,Sophie Haas,sophie.haas@polaris-pharma.com
twin-0094,twin-0092,Adrian Novak,adrian.novak@polaris-pharma.com
twin-0094,twin-0093,Marta Haas,marta.haas@polaris-pharma.com
twin-0094,twin-0095,Oskar Wojcik,oskar.wojcik@polaris-pharma.com
twin-0094,twin-0096,Hannah Lindholm,hannah.lindholm@polaris-pharma.com
twin-0095,twin-0089,Bartek Reuter,bartek.reuter@polaris-pharma.com
twin-0095,twin-0090,Tomas Reuter,tomas.reuter@polaris-pharma.com
twin-0095,twin-0091,Sophie Haas,sophie.haas@polaris-pharma.com
twin-0095,twin-0092,Adrian Novak,adrian.novak@polaris-pharma.com
twin-0095,twin-0093,Marta Haas,marta.haas@polaris-pharma.com
twin-0095,twin-0094,Lena Janssen,lena.janssen@polaris-pharma.com
twin-0095,twin-0096,Hannah Lindholm,hannah.lindholm@polaris-pharma.com
twin-0096,twin-0089,Bartek Reuter,bartek.reuter@polaris-pharma.com
twin-0096,twin-0090,Tomas Reuter,tomas.reuter@polaris-pharma.com
twin-0096,twin-0091,Sophie Haas,sophie.haas@polaris-pharma.com
twin-0096,twin-0092,Adrian Novak,adrian.novak@polaris-pharma.com
twin-0096,twin-0093,Marta Haas,marta.haas@polaris-pharma.com
twin-0096,twin-0094,Lena Janssen,lena.janssen@polaris-pharma.com
twin-0096,twin-0095,Oskar Wojcik,oskar.wojcik@polaris-pharma.com
twin-0097,twin-0098,Daniel Sundqvist,daniel.sundqvist@ironclad-sec.com
twin-0097,twin-0099,Pawel Schmidt,pawel.schmidt@ironclad-sec.com
twin-0097,twin-0100,Eva Vogel,eva.vogel@ironclad-sec.com
twin-0097,twin-0101,Marta Lindholm,marta.lindholm@ironclad-sec.com
twin-0097,twin-0102,Tomas Sundqvist,tomas.sundqvist@ironclad-sec.com
twin-0097,twin-0103,Jonas Vogel,jonas.vogel@ironclad-sec.com
twin-0097,twin-0104,Eva Vogel,eva.vogel.0104@ironclad-sec.com
twin-0097,twin-0089,Bartek Reuter,bartek.reuter@polaris-pharma.com
twin-0097,twin-0105,Stefan Janssen,stefan.janssen@continental-foods.com
twin-0098,twin-0097,Eva Moreau,eva.moreau@ironclad-sec.com
twin-0098,twin-0099,Pawel Schmidt,pawel.schmidt@ironclad-sec.com
twin-0098,twin-0100,Eva Vogel,eva.vogel@ironclad-sec.com
twin-0098,twin-0101,Marta Lindholm,marta.lindholm@ironclad-sec.com
twin-0098,twin-0102,Tomas Sundqvist,tomas.sundqvist@ironclad-sec.com
twin-0098,twin-0103,Jonas Vogel,jonas.vogel@ironclad-sec.com
twin-0098,twin-0104,Eva Vogel,eva.vogel.0104@ironclad-sec.com
twin-0099,twin-0097,Eva Moreau,eva.moreau@ironclad-sec.com
twin-0099,twin-0098,Daniel Sundqvist,daniel.sundqvist@ironclad-sec.com
twin-0099,twin-0100,Eva Vogel,eva.vogel@ironclad-sec.com
twin-0099,twin-0101,Marta Lindholm,marta.lindholm@ironclad-sec.com
twin-0099,twin-0102,Tomas Sundqvist,tomas.sundqvist@ironclad-sec.com
twin-0099,twin-0103,Jonas Vogel,jonas.vogel@ironclad-sec.com
twin-0099,twin-0104,Eva Vogel,eva.vogel.0104@ironclad-sec.com
twin-0100,twin-0097,Eva Moreau,eva.moreau@ironclad-sec.com
twin-0100,twin-0098,Daniel Sundqvist,daniel.sundqvist@ironclad-sec.com
twin-0100,twin-0099,Pawel Schmidt,pawel.schmidt@ironclad-sec.com
twin-0100,twin-0101,Marta Lindholm,marta.lindholm@ironclad-sec.com
twin-0100,twin-0102,Tomas Sundqvist,tomas.sundqvist@ironclad-sec.com
twin-0100,twin-0103,Jonas Vogel,jonas.vogel@ironclad-sec.com
twin-0100,twin-0104,Eva Vogel,eva.vogel.0104@ironclad-sec.com
twin-0100,twin-0092,Adrian Novak,adrian.novak@polaris-pharma.com
twin-0100,twin-0108,Nina Dvorak,nina.dvorak@continental-foods.com
twin-0101,twin-0097,Eva Moreau,eva.moreau@ironclad-sec.com
twin-0101,twin-0098,Daniel Sundqvist,daniel.sundqvist@ironclad-sec.com
twin-0101,twin-0099,Pawel Schmidt,pawel.schmidt@ironclad-sec.com
twin-0101,twin-0100,Eva Vogel,eva.vogel@ironclad-sec.com
twin-0101,twin-0102,Tomas Sundqvist,tomas.sundqvist@ironclad-sec.com
twin-0101,twin-0103,Jonas Vogel,jonas.vogel@ironclad-sec.com
twin-0101,twin-0104,Eva Vogel,eva.vogel.0104@ironclad-sec.com
twin-0102,twin-0097,Eva Moreau,eva.moreau@ironclad-sec.com
twin-0102,twin-0098,Daniel Sundqvist,daniel.sundqvist@ironclad-sec.com
twin-0102,twin-0099,Pawel Schmidt,pawel.schmidt@ironclad-sec.com
twin-0102,twin-0100,Eva Vogel,eva.vogel@ironclad-sec.com
twin-0102,twin-0101,Marta Lindholm,marta.lindholm@ironclad-sec.com
twin-0102,twin-0103,Jonas Vogel,jonas.vogel@ironclad-sec.com
twin-0102,twin-0104,Eva Vogel,eva.vogel.0104@ironclad-sec.com
twin-0103,twin-0097,Eva Moreau,eva.moreau@ironclad-sec.com
twin-0103,twin-0098,Daniel Sundqvist,daniel.sundqvist@ironclad-sec.com
twin-0103,twin-0099,Pawel Schmidt,pawel.schmidt@ironclad-sec.com
twin-0103,twin-0100,Eva Vogel,eva.vogel@ironclad-sec.com
twin-0103,twin-0101,Marta Lindholm,marta.lindholm@ironclad-sec.com
twin-0103,twin-0102,Tomas Sundqvist,tomas.sundqvist@ironclad-sec.com
twin-0103,twin-0104,Eva Vogel,eva.vogel.0104@ironclad-sec.com
twin-0104,twin-0097,Eva Moreau,eva.moreau@ironclad-sec.com
twin-0104,twin-0098,Daniel Sundqvist,daniel.sundqvist@ironclad-sec.com
twin-0104,twin-0099,Pawel Schmidt,pawel.schmidt@ironclad-sec.com
twin-0104,twin-0100,Eva Vogel,eva.vogel@ironclad-sec.com
twin-0104,twin-0101,Marta Lindholm,marta.lindholm@ironclad-sec.com
twin-0104,twin-0102,Tomas Sundqvist,tomas.sundqvist@ironclad-sec.com
twin-0104,twin-0103,Jonas Vogel,jonas.vogel@ironclad-sec.com
twin-0105,twin-0106,Felix Marchetti,felix.marchetti@continental-foods.com
twin-0105,twin-0107,Daniel Keller,daniel.keller@continental-foods.com
twin-0105,twin-0108,Nina Dvorak,nina.dvorak@continental-foods.com
twin-0105,twin-0109,Tomas Marchetti,tomas.marchetti@continental-foods.com
twin-0105,twin-0110,Lena Schmidt,lena.schmidt@continental-foods.com
twin-0105,twin-0111,Anna Janssen,anna.janssen@continental-foods.com
twin-0105,twin-0112,Adrian Schmidt,adrian.schmidt@continental-foods.com
twin-0105,twin-0097,Eva Moreau,eva.moreau@ironclad-sec.com
twin-0105,twin-0113,Viktor Kowalski,viktor.kowalski@zephyr-air.com
twin-0106,twin-0105,Stefan Janssen,stefan.janssen@continental-foods.com
twin-0106,twin-0107,Daniel Keller,daniel.keller@continental-foods.com
twin-0106,twin-0108,Nina Dvorak,nina.dvorak@continental-foods.com
twin-0106,twin-0109,Tomas Marchetti,tomas.marchetti@continental-foods.com
twin-0106,twin-0110,Lena Schmidt,lena.schmidt@continental-foods.com
twin-0106,twin-0111,Anna Janssen,anna.janssen@continental-foods.com
twin-0106,twin-0112,Adrian Schmidt,adrian.schmidt@continental-foods.com
twin-0107,twin-0105,Stefan Janssen,stefan.janssen@continental-foods.com
twin-0107,twin-0106,Felix Marchetti,felix.marchetti@continental-foods.com
twin-0107,twin-0108,Nina Dvorak,nina.dvorak@continental-foods.com
twin-0107,twin-0109,Tomas Marchetti,tomas.marchetti@continental-foods.com
twin-0107,twin-0110,Lena Schmidt,lena.schmidt@continental-foods.com
twin-0107,twin-0111,Anna Janssen,anna.janssen@continental-foods.com
twin-0107,twin-0112,Adrian Schmidt,adrian.schmidt@continental-foods.com
twin-0108,twin-0105,Stefan Janssen,stefan.janssen@continental-foods.com
twin-0108,twin-0106,Felix Marchetti,felix.marchetti@continental-foods.com
twin-0108,twin-0107,Daniel Keller,daniel.keller@continental-foods.com
twin-0108,twin-0109,Tomas Marchetti,tomas.marchetti@continental-foods.com
twin-0108,twin-0110,Lena Schmidt,lena.schmidt@continental-foods.com
twin-0108,twin-0111,Anna Janssen,anna.janssen@continental-foods.com
twin-0108,twin-0112,Adrian Schmidt,adrian.schmidt@continental-foods.com
twin-0108,twin-0100,Eva Vogel,eva.vogel@ironclad-sec.com
twin-0108,twin-0116,Julia Lindqvist,julia.lindqvist@zephyr-air.com
twin-0109,twin-0105,Stefan Janssen,stefan.janssen@continental-foods.com
twin-0109,twin-0106,Felix Marchetti,felix.marchetti@continental-foods.com
twin-0109,twin-0107,Daniel Keller,daniel.keller@continental-foods.com
twin-0109,twin-0108,Nina Dvorak,nina.dvorak@continental-foods.com
twin-0109,twin-0110,Lena Schmidt,lena.schmidt@continental-foods.com
twin-0109,twin-0111,Anna Janssen,anna.janssen@continental-foods.com
twin-0109,twin-0112,Adrian Schmidt,adrian.schmidt@continental-foods.com
twin-0110,twin-0105,Stefan Janssen,stefan.janssen@continental-foods.com
twin-0110,twin-0106,Felix Marchetti,felix.marchetti@continental-foods.com
twin-0110,twin-0107,Daniel Keller,daniel.keller@continental-foods.com
twin-0110,twin-0108,Nina Dvorak,nina.dvorak@continental-foods.com
twin-0110,twin-0109,Tomas Marchetti,tomas.marchetti@continental-foods.com
twin-0110,twin-0111,Anna Janssen,anna.janssen@continental-foods.com
twin-0110,twin-0112,Adrian Schmidt,adrian.schmidt@continental-foods.com
twin-0111,twin-0105,Stefan Janssen,stefan.janssen@continental-foods.com
twin-0111,twin-0106,Felix Marchetti,felix.marchetti@continental-foods.com
twin-0111,twin-0107,Daniel Keller,daniel.keller@continental-foods.com
twin-0111,twin-0108,Nina Dvorak,nina.dvorak@continental-foods.com
twin-0111,twin-0109,Tomas Marchetti,tomas.marchetti@continental-foods.com
twin-0111,twin-0110,Lena Schmidt,lena.schmidt@continental-foods.com
twin-0111,twin-0112,Adrian Schmidt,adrian.schmidt@continental-foods.com
twin-0112,twin-0105,Stefan Janssen,stefan.janssen@continental-foods.com
twin-0112,twin-0106,Felix Marchetti,felix.marchetti@continental-foods.com
twin-0112,twin-0107,Daniel Keller,daniel.keller@continental-foods.com
twin-0112,twin-0108,Nina Dvorak,nina.dvorak@continental-foods.com
twin-0112,twin-0109,Tomas Marchetti,tomas.marchetti@continental-foods.com
twin-0112,twin-0110,Lena Schmidt,lena.schmidt@continental-foods.com
twin-0112,twin-0111,Anna Janssen,anna.janssen@continental-foods.com
twin-0113,twin-0114,Bartek Marchetti,bartek.marchetti@zephyr-air.com
twin-0113,twin-0115,Stefan Lindqvist,stefan.lindqvist@zephyr-air.com
twin-0113,twin-0116,Julia Lindqvist,julia.lindqvist@zephyr-air.com
twin-0113,twin-0117,Stefan Wojcik,stefan.wojcik@zephyr-air.com
twin-0113,twin-0118,Oskar Adamczyk,oskar.adamczyk@zephyr-air.com
twin-0113,twin-0119,Stefan Vogel,stefan.vogel@zephyr-air.com
twin-0113,twin-0120,Bartek Berger,bartek.berger@zephyr-air.com
twin-0113,twin-0105,Stefan Janssen,stefan.janssen@continental-foods.com
twin-0113,twin-0121,Hannah Berger,hannah.berger@quantis-consult.com
twin-0114,twin-0113,Viktor Kowalski,viktor.kowalski@zephyr-air.com
twin-0114,twin-0115,Stefan Lindqvist,stefan.lindqvist@zephyr-air.com
twin-0114,twin-0116,Julia Lindqvist,julia.lindqvist@zephyr-air.com
twin-0114,twin-0117,Stefan Wojcik,stefan.wojcik@zephyr-air.com
twin-0114,twin-0118,Oskar Adamczyk,oskar.adamczyk@zephyr-air.com
twin-0114,twin-0119,Stefan Vogel,stefan.vogel@zephyr-air.com
twin-0114,twin-0120,Bartek Berger,bartek.berger@zephyr-air.com
twin-0115,twin-0113,Viktor Kowalski,viktor.kowalski@zephyr-air.com
twin-0115,twin-0114,Bartek Marchetti,bartek.marchetti@zephyr-air.com
twin-0115,twin-0116,Julia Lindqvist,julia.lindqvist@zephyr-air.com
twin-0115,twin-0117,Stefan Wojcik,stefan.wojcik@zephyr-air.com
twin-0115,twin-0118,Oskar Adamczyk,oskar.adamczyk@zephyr-air.com
twin-0115,twin-0119,Stefan Vogel,stefan.vogel@zephyr-air.com
twin-0115,twin-0120,Bartek Berger,bartek.berger@zephyr-air.com
twin-0116,twin-0113,Viktor Kowalski,viktor.kowalski@zephyr-air.com
twin-0116,twin-0114,Bartek Marchetti,bartek.marchetti@zephyr-air.com
twin-0116,twin-0115,Stefan Lindqvist,stefan.lindqvist@zephyr-air.com
twin-0116,twin-0117,Stefan Wojcik,stefan.wojcik@zephyr-air.com
twin-0116,twin-0118,Oskar Adamczyk,oskar.adamczyk@zephyr-air.com
twin-0116,twin-0119,Stefan Vogel,stefan.vogel@zephyr-air.com
twin-0116,twin-0120,Bartek Berger,bartek.berger@zephyr-air.com
twin-0116,twin-0108,Nina Dvorak,nina.dvorak@continental-foods.com
twin-0116,twin-0124,Sophie Moreau,sophie.moreau@quantis-consult.com
twin-0117,twin-0113,Viktor Kowalski,viktor.kowalski@zephyr-air.com
twin-0117,twin-0114,Bartek Marchetti,bartek.marchetti@zephyr-air.com
twin-0117,twin-0115,Stefan Lindqvist,stefan.lindqvist@zephyr-air.com
twin-0117,twin-0116,Julia Lindqvist,julia.lindqvist@zephyr-air.com
twin-0117,twin-0118,Oskar Adamczyk,oskar.adamczyk@zephyr-air.com
twin-0117,twin-0119,Stefan Vogel,stefan.vogel@zephyr-air.com
twin-0117,twin-0120,Bartek Berger,bartek.berger@zephyr-air.com
twin-0118,twin-0113,Viktor Kowalski,viktor.kowalski@zephyr-air.com
twin-0118,twin-0114,Bartek Marchetti,bartek.marchetti@zephyr-air.com
twin-0118,twin-0115,Stefan Lindqvist,stefan.lindqvist@zephyr-air.com
twin-0118,twin-0116,Julia Lindqvist,julia.lindqvist@zephyr-air.com
twin-0118,twin-0117,Stefan Wojcik,stefan.wojcik@zephyr-air.com
twin-0118,twin-0119,Stefan Vogel,stefan.vogel@zephyr-air.com
twin-0118,twin-0120,Bartek Berger,bartek.berger@zephyr-air.com
twin-0119,twin-0113,Viktor Kowalski,viktor.kowalski@zephyr-air.com
twin-0119,twin-0114,Bartek Marchetti,bartek.marchetti@zephyr-air.com
twin-0119,twin-0115,Stefan Lindqvist,stefan.lindqvist@zephyr-air.com
twin-0119,twin-0116,Julia Lindqvist,julia.lindqvist@zephyr-air.com
twin-0119,twin-0117,Stefan Wojcik,stefan.wojcik@zephyr-air.com
twin-0119,twin-0118,Oskar Adamczyk,oskar.adamczyk@zephyr-air.com
twin-0119,twin-0120,Bartek Berger,bartek.berger@zephyr-air.com
twin-0120,twin-0113,Viktor Kowalski,viktor.kowalski@zephyr-air.com
twin-0120,twin-0114,Bartek Marchetti,bartek.marchetti@zephyr-air.com
twin-0120,twin-0115,Stefan Lindqvist,stefan.lindqvist@zephyr-air.com
twin-0120,twin-0116,Julia Lindqvist,julia.lindqvist@zephyr-air.com
twin-0120,twin-0117,Stefan Wojcik,stefan.wojcik@zephyr-air.com
twin-0120,twin-0118,Oskar Adamczyk,oskar.adamczyk@zephyr-air.com
twin-0120,twin-0119,Stefan Vogel,stefan.vogel@zephyr-air.com
twin-0121,twin-0122,Lena Wojcik,lena.wojcik@quantis-consult.com
twin-0121,twin-0123,Tomas Wojcik,tomas.wojcik@quantis-consult.com
twin-0121,twin-0124,Sophie Moreau,sophie.moreau@quantis-consult.com
twin-0121,twin-0125,Jonas Reuter,jonas.reuter@quantis-consult.com
twin-0121,twin-0126,Daniel Keller,daniel.keller@quantis-consult.com
twin-0121,twin-0127,Jonas Moreau,jonas.moreau@quantis-consult.com
twin-0121,twin-0128,Nina Sokolov,nina.sokolov@quantis-consult.com
twin-0121,twin-0113,Viktor Kowalski,viktor.kowalski@zephyr-air.com
twin-0121,twin-0129,Lena Falk,lena.falk@atlas-mining.com
twin-0122,twin-0121,Hannah Berger,hannah.berger@quantis-consult.com
twin-0122,twin-0123,Tomas Wojcik,tomas.wojcik@quantis-consult.com
twin-0122,twin-0124,Sophie Moreau,sophie.moreau@quantis-consult.com
twin-0122,twin-0125,Jonas Reuter,jonas.reuter@quantis-consult.com
twin-0122,twin-0126,Daniel Keller,daniel.keller@quantis-consult.com
twin-0122,twin-0127,Jonas Moreau,jonas.moreau@quantis-consult.com
twin-0122,twin-0128,Nina Sokolov,nina.sokolov@quantis-consult.com
twin-0123,twin-0121,Hannah Berger,hannah.berger@quantis-consult.com
twin-0123,twin-0122,Lena Wojcik,lena.wojcik@quantis-consult.com
twin-0123,twin-0124,Sophie Moreau,sophie.moreau@quantis-consult.com
twin-0123,twin-0125,Jonas Reuter,jonas.reuter@quantis-consult.com
twin-0123,twin-0126,Daniel Keller,daniel.keller@quantis-consult.com
twin-0123,twin-0127,Jonas Moreau,jonas.moreau@quantis-consult.com
twin-0123,twin-0128,Nina Sokolov,nina.sokolov@quantis-consult.com
twin-0124,twin-0121,Hannah Berger,hannah.berger@quantis-consult.com
twin-0124,twin-0122,Lena Wojcik,lena.wojcik@quantis-consult.com
twin-0124,twin-0123,Tomas Wojcik,tomas.wojcik@quantis-consult.com
twin-0124,twin-0125,Jonas Reuter,jonas.reuter@quantis-consult.com
twin-0124,twin-0126,Daniel Keller,daniel.keller@quantis-consult.com
twin-0124,twin-0127,Jonas Moreau,jonas.moreau@quantis-consult.com
twin-0124,twin-0128,Nina Sokolov,nina.sokolov@quantis-consult.com
twin-0124,twin-0116,Julia Lindqvist,julia.lindqvist@zephyr-air.com
twin-0124,twin-0132,Pawel Falk,pawel.falk@atlas-mining.com
twin-0125,twin-0121,Hannah Berger,hannah.berger@quantis-consult.com
twin-0125,twin-0122,Lena Wojcik,lena.wojcik@quantis-consult.com
twin-0125,twin-0123,Tomas Wojcik,tomas.wojcik@quantis-consult.com
twin-0125,twin-0124,Sophie Moreau,sophie.moreau@quantis-consult.com
twin-0125,twin-0126,Daniel Keller,daniel.keller@quantis-consult.com
twin-0125,twin-0127,Jonas Moreau,jonas.moreau@quantis-consult.com
twin-0125,twin-0128,Nina Sokolov,nina.sokolov@quantis-consult.com
twin-0126,twin-0121,Hannah Berger,hannah.berger@quantis-consult.com
twin-0126,twin-0122,Lena Wojcik,lena.wojcik@quantis-consult.com
twin-0126,twin-0123,Tomas Wojcik,tomas.wojcik@quantis-consult.com
twin-0126,twin-0124,Sophie Moreau,sophie.moreau@quantis-consult.com
twin-0126,twin-0125,Jonas Reuter,jonas.reuter@quantis-consult.com
twin-0126,twin-0127,Jonas Moreau,jonas.moreau@quantis-consult.com
twin-0126,twin-0128,Nina Sokolov,nina.sokolov@quantis-consult.com
twin-0127,twin-0121,Hannah Berger,hannah.berger@quantis-consult.com
twin-0127,twin-0122,Lena Wojcik,lena.wojcik@quantis-consult.com
twin-0127,twin-0123,Tomas Wojcik,tomas.wojcik@quantis-consult.com
twin-0127,twin-0124,Sophie Moreau,sophie.moreau@quantis-consult.com
twin-0127,twin-0125,Jonas Reuter,jonas.reuter@quantis-consult.com
twin-0127,twin-0126,Daniel Keller,daniel.keller@quantis-consult.com
twin-0127,twin-0128,Nina Sokolov,nina.sokolov@quantis-consult.com
twin-0128,twin-0121,Hannah Berger,hannah.berger@quantis-consult.com
twin-0128,twin-0122,Lena Wojcik,lena.wojcik@quantis-consult.com
twin-0128,twin-0123,Tomas Wojcik,tomas.wojcik@quantis-consult.com
twin-0128,twin-0124,Sophie Moreau,sophie.moreau@quantis-consult.com
twin-0128,twin-0125,Jonas Reuter,jonas.reuter@quantis-consult.com
twin-0128,twin-0126,Daniel Keller,daniel.keller@quantis-consult.com
twin-0128,twin-0127,Jonas Moreau,jonas.moreau@quantis-consult.com
twin-0129,twin-0130,Hannah Janssen,hannah.janssen@atlas-mining.com
twin-0129,twin-0131,Viktor Schmidt,viktor.schmidt@atlas-mining.com
twin-0129,twin-0132,Pawel Falk,pawel.falk@atlas-mining.com
twin-0129,twin-0133,Sophie Wojcik,sophie.wojcik@atlas-mining.com
twin-0129,twin-0134,Iris Adamczyk,iris.adamczyk@atlas-mining.com
twin-0129,twin-0135,Tomas Dvorak,tomas.dvorak@atlas-mining.com
twin-0129,twin-0136,Oskar Lindqvist,oskar.lindqvist@atlas-mining.com
twin-0129,twin-0121,Hannah Berger,hannah.berger@quantis-consult.com
twin-0129,twin-0137,Greta Sundqvist,greta.sundqvist@marlowe.gov
twin-0130,twin-0129,Lena Falk,lena.falk@atlas-mining.com
twin-0130,twin-0131,Viktor Schmidt,viktor.schmidt@atlas-mining.com
twin-0130,twin-0132,Pawel Falk,pawel.falk@atlas-mining.com
twin-0130,twin-0133,Sophie Wojcik,sophie.wojcik@atlas-mining.com
twin-0130,twin-0134,Iris Adamczyk,iris.adamczyk@atlas-mining.com
twin-0130,twin-0135,Tomas Dvorak,tomas.dvorak@atlas-mining.com
twin-0130,twin-0136,Oskar Lindqvist,oskar.lindqvist@atlas-mining.com
twin-0131,twin-0129,Lena Falk,lena.falk@atlas-mining.com
twin-0131,twin-0130,Hannah Janssen,hannah.janssen@atlas-mining.com
twin-0131,twin-0132,Pawel Falk,pawel.falk@atlas-mining.com
twin-0131,twin-0133,Sophie Wojcik,sophie.wojcik@atlas-mining.com
twin-0131,twin-0134,Iris Adamczyk,iris.adamczyk@atlas-mining.com
twin-0131,twin-0135,Tomas Dvorak,tomas.dvorak@atlas-mining.com
twin-0131,twin-0136,Oskar Lindqvist,oskar.lindqvist@atlas-mining.com
twin-0132,twin-0129,Lena Falk,lena.falk@atlas-mining.com
twin-0132,twin-0130,Hannah Janssen,hannah.janssen@atlas-mining.com
twin-0132,twin-0131,Viktor Schmidt,viktor.schmidt@atlas-mining.com
twin-0132,twin-0133,Sophie Wojcik,sophie.wojcik@atlas-mining.com
twin-0132,twin-0134,Iris Adamczyk,iris.adamczyk@atlas-mining.com
twin-0132,twin-0135,Tomas Dvorak,tomas.dvorak@atlas-mining.com
twin-0132,twin-0136,Oskar Lindqvist,oskar.lindqvist@atlas-mining.com
twin-0132,twin-0124,Sophie Moreau,sophie.moreau@quantis-consult.com
twin-0132,twin-0140,Nina Keller,nina.keller@marlowe.gov
twin-0133,twin-0129,Lena Falk,lena.falk@atlas-mining.com
twin-0133,twin-0130,Hannah Janssen,hannah.janssen@atlas-mining.com
twin-0133,twin-0131,Viktor Schmidt,viktor.schmidt@atlas-mining.com
twin-0133,twin-0132,Pawel Falk,pawel.falk@atlas-mining.com
twin-0133,twin-0134,Iris Adamczyk,iris.adamczyk@atlas-mining.com
twin-0133,twin-0135,Tomas Dvorak,tomas.dvorak@atlas-mining.com
twin-0133,twin-0136,Oskar Lindqvist,oskar.lindqvist@atlas-mining.com
twin-0134,twin-0129,Lena Falk,lena.falk@atlas-mining.com
twin-0134,twin-0130,Hannah Janssen,hannah.janssen@atlas-mining.com
twin-0134,twin-0131,Viktor Schmidt,viktor.schmidt@atlas-mining.com
twin-0134,twin-0132,Pawel Falk,pawel.falk@atlas-mining.com
twin-0134,twin-0133,Sophie Wojcik,sophie.wojcik@atlas-mining.com
twin-0134,twin-0135,Tomas Dvorak,tomas.dvorak@atlas-mining.com
twin-0134,twin-0136,Oskar Lindqvist,oskar.lindqvist@atlas-mining.com
twin-0135,twin-0129,Lena Falk,lena.falk@atlas-mining.com
twin-0135,twin-0130,Hannah Janssen,hannah.janssen@atlas-mining.com
twin-0135,twin-0131,Viktor Schmidt,viktor.schmidt@atlas-mining.com
twin-0135,twin-0132,Pawel Falk,pawel.falk@atlas-mining.com
twin-0135,twin-0133,Sophie Wojcik,sophie.wojcik@atlas-mining.com
twin-0135,twin-0134,Iris Adamczyk,iris.adamczyk@atlas-mining.com
twin-0135,twin-0136,Oskar Lindqvist,oskar.lindqvist@atlas-mining.com
twin-0136,twin-0129,Lena Falk,lena.falk@atlas-mining.com
twin-0136,twin-0130,Hannah Janssen,hannah.janssen@atlas-mining.com
twin-0136,twin-0131,Viktor Schmidt,viktor.schmidt@atlas-mining.com
twin-0136,twin-0132,Pawel Falk,pawel.falk@atlas-mining.com
twin-0136,twin-0133,Sophie Wojcik,sophie.wojcik@atlas-mining.com
twin-0136,twin-0134,Iris Adamczyk,iris.adamczyk@atlas-mining.com
twin-0136,twin-0135,Tomas Dvorak,tomas.dvorak@atlas-mining.com
twin-0137,twin-0138,Lena Dvorak,lena.dvorak@marlowe.gov
twin-0137,twin-0139,Iris Novak,iris.novak@marlowe.gov
twin-0137,twin-0140,Nina Keller,nina.keller@marlowe.gov
twin-0137,twin-0141,Eva Falk,eva.falk@marlowe.gov
twin-0137,twin-0142,Iris Berger,iris.berger@marlowe.gov
twin-0137,twin-0143,Sophie Novak,sophie.novak@marlowe.gov
twin-0137,twin-0129,Lena Falk,lena.falk@atlas-mining.com
twin-0137,twin-0144,Tomas Haas,tomas.haas@beacon-telecom.net
twin-0138,twin-0137,Greta Sundqvist,greta.sundqvist@marlowe.gov
twin-0138,twin-0139,Iris Novak,iris.novak@marlowe.gov
twin-0138,twin-0140,Nina Keller,nina.keller@marlowe.gov
twin-0138,twin-0141,Eva Falk,eva.falk@marlowe.gov
twin-0138,twin-0142,Iris Berger,iris.berger@marlowe.gov
twin-0138,twin-0143,Sophie Novak,sophie.novak@marlowe.gov
twin-0139,twin-0137,Greta Sundqvist,greta.sundqvist@marlowe.gov
twin-0139,twin-0138,Lena Dvorak,lena.dvorak@marlowe.gov
twin-0139,twin-0140,Nina Keller,nina.keller@marlowe.gov
twin-0139,twin-0141,Eva Falk,eva.falk@marlowe.gov
twin-0139,twin-0142,Iris Berger,iris.berger@marlowe.gov
twin-0139,twin-0143,Sophie Novak,sophie.novak@marlowe.gov
twin-0140,twin-0137,Greta Sundqvist,greta.sundqvist@marlowe.gov
twin-0140,twin-0138,Lena Dvorak,lena.dvorak@marlowe.gov
twin-0140,twin-0139,Iris Novak,iris.novak@marlowe.gov
twin-0140,twin-0141,Eva Falk,eva.falk@marlowe.gov
twin-0140,twin-0142,Iris Berger,iris.berger@marlowe.gov
twin-0140,twin-0143,Sophie Novak,sophie.novak@marlowe.gov
twin-0140,twin-0132,Pawel Falk,pawel.falk@atlas-mining.com
twin-0140,twin-0147,Iris Janssen,iris.janssen@beacon-telecom.net
twin-0141,twin-0137,Greta Sundqvist,greta.sundqvist@marlowe.gov
twin-0141,twin-0138,Lena Dvorak,lena.dvorak@marlowe.gov
twin-0141,twin-0139,Iris Novak,iris.novak@marlowe.gov
twin-0141,twin-0140,Nina Keller,nina.keller@marlowe.gov
twin-0141,twin-0142,Iris Berger,iris.berger@marlowe.gov
twin-0141,twin-0143,Sophie Novak,sophie.novak@marlowe.gov
twin-0142,twin-0137,Greta Sundqvist,greta.sundqvist@marlowe.gov
twin-0142,twin-0138,Lena Dvorak,lena.dvorak@marlowe.gov
twin-0142,twin-0139,Iris Novak,iris.novak@marlowe.gov
twin-0142,twin-0140,Nina Keller,nina.keller@marlowe.gov
twin-0142,twin-0141,Eva Falk,eva.falk@marlowe.gov
twin-0142,twin-0143,Sophie Novak,sophie.novak@marlowe.gov
twin-0143,twin-0137,Greta Sundqvist,greta.sundqvist@marlowe.gov
twin-0143,twin-0138,Lena Dvorak,lena.dvorak@marlowe.gov
twin-0143,twin-0139,Iris Novak,iris.novak@marlowe.gov
twin-0143,twin-0140,Nina Keller,nina.keller@marlowe.gov
twin-0143,twin-0141,Eva Falk,eva.falk@marlowe.gov
twin-0143,twin-0142,Iris Berger,iris.berger@marlowe.gov
twin-0144,twin-0145,Hannah Schmidt,hannah.schmidt@beacon-telecom.net
twin-0144,twin-0146,Felix Lindqvist,felix.lindqvist@beacon-telecom.net
twin-0144,twin-0147,Iris Janssen,iris.janssen@beacon-telecom.net
twin-0144,twin-0148,Mira Reuter,mira.reuter@beacon-telecom.net
twin-0144,twin-0149,Tomas Brandt,tomas.brandt@beacon-telecom.net
twin-0144,twin-0150,Anna Keller,anna.keller@beacon-telecom.net
twin-0144,twin-0137,Greta Sundqvist,greta.sundqvist@marlowe.gov
twin-0144,twin-0001,Oskar Moreau,oskar.moreau@northwind-capital.com
twin-0145,twin-0144,Tomas Haas,tomas.haas@beacon-telecom.net
twin-0145,twin-0146,Felix Lindqvist,felix.lindqvist@beacon-telecom.net
twin-0145,twin-0147,Iris Janssen,iris.janssen@beacon-telecom.net
twin-0145,twin-0148,Mira Reuter,mira.reuter@beacon-telecom.net
twin-0145,twin-0149,Tomas Brandt,tomas.brandt@beacon-telecom.net
twin-0145,twin-0150,Anna Keller,anna.keller@beacon-telecom.net
twin-0146,twin-0144,Tomas Haas,tomas.haas@beacon-telecom.net
twin-0146,twin-0145,Hannah Schmidt,hannah.schmidt@beacon-telecom.net
twin-0146,twin-0147,Iris Janssen,iris.janssen@beacon-telecom.net
twin-0146,twin-0148,Mira Reuter,mira.reuter@beacon-telecom.net
twin-0146,twin-0149,Tomas Brandt,tomas.brandt@beacon-telecom.net
twin-0146,twin-0150,Anna Keller,anna.keller@beacon-telecom.net
twin-0147,twin-0144,Tomas Haas,tomas.haas@beacon-telecom.net
twin-0147,twin-0145,Hannah Schmidt,hannah.schmidt@beacon-telecom.net
twin-0147,twin-0146,Felix Lindqvist,felix.lindqvist@beacon-telecom.net
twin-0147,twin-0148,Mira Reuter,mira.reuter@beacon-telecom.net
twin-0147,twin-0149,Tomas Brandt,tomas.brandt@beacon-telecom.net
twin-0147,twin-0150,Anna Keller,anna.keller@beacon-telecom.net
twin-0147,twin-0140,Nina Keller,nina.keller@marlowe.gov
twin-0147,twin-0004,Anna Novak,anna.novak@northwind-capital.com
twin-0148,twin-0144,Tomas Haas,tomas.haas@beacon-telecom.net
twin-0148,twin-0145,Hannah Schmidt,hannah.schmidt@beacon-telecom.net
twin-0148,twin-0146,Felix Lindqvist,felix.lindqvist@beacon-telecom.net
twin-0148,twin-0147,Iris Janssen,iris.janssen@beacon-telecom.net
twin-0148,twin-0149,Tomas Brandt,tomas.brandt@beacon-telecom.net
twin-0148,twin-0150,Anna Keller,anna.keller@beacon-telecom.net
twin-0149,twin-0144,Tomas Haas,tomas.haas@beacon-telecom.net
twin-0149,twin-0145,Hannah Schmidt,hannah.schmidt@beacon-telecom.net
twin-0149,twin-0146,Felix Lindqvist,felix.lindqvist@beacon-telecom.net
twin-0149,twin-0147,Iris Janssen,iris.janssen@beacon-telecom.net
twin-0149,twin-0148,Mira Reuter,mira.reuter@beacon-telecom.net
twin-0149,twin-0150,Anna Keller,anna.keller@beacon-telecom.net
twin-0150,twin-0144,Tomas Haas,tomas.haas@beacon-telecom.net
twin-0150,twin-0145,Hannah Schmidt,hannah.schmidt@beacon-telecom.net
twin-0150,twin-0146,Felix Lindqvist,felix.lindqvist@beacon-telecom.net
twin-0150,twin-0147,Iris Janssen,iris.janssen@beacon-telecom.net
twin-0150,twin-0148,Mira Reuter,mira.reuter@beacon-telecom.net
twin-0150,twin-0149,Tomas Brandt,tomas.brandt@beacon-telecom.net
